group,BK_CASE_COUNT,BK_HOSPITALIZED_COUNT,BK_DEATH_COUNT,BK_CASE_RATE_ADJ,BK_HOSPITALIZED_RATE_ADJ,BK_DEATH_RATE_ADJ,BX_CASE_COUNT,BX_HOSPITALIZED_COUNT,BX_DEATH_COUNT,BX_CASE_RATE_ADJ,BX_HOSPITALIZED_RATE_ADJ,BX_DEATH_RATE_ADJ,MN_CASE_COUNT,MN_HOSPITALIZED_COUNT,MN_DEATH_COUNT,MN_CASE_RATE_ADJ,MN_HOSPITALIZED_RATE_ADJ,MN_DEATH_RATE_ADJ,QN_CASE_COUNT,QN_HOSPITALIZED_COUNT,QN_DEATH_COUNT,QN_CASE_RATE_ADJ,QN_HOSPITALIZED_RATE_ADJ,QN_DEATH_RATE_ADJ,SI_CASE_COUNT,SI_HOSPITALIZED_COUNT,SI_DEATH_COUNT,SI_CASE_RATE_ADJ,SI_HOSPITALIZED_RATE_ADJ,SI_DEATH_RATE_ADJ
Asian/Pacific-Islander,1552,649,284,466.28,203.07,95.52,797,277,92,1290.45,454.11,159.4,864,400,154,375.74,178.3,68.71,4696,2061,830,694.38,297.99,125.69,375,108,57,706.41,198.58,113.75
Black/African-American,11290,5520,2102,1304.55,608.78,229.92,10158,4118,1269,2275.91,915.29,288.93,3409,1812,565,1409.17,715.94,217.56,7414,3113,1149,1589.39,627.67,230.68,986,355,112,2183.09,818.75,290.65
Hispanic/Latino,4673,2374,1107,991.83,522.56,256.56,15737,5085,1797,2025.82,692.6,261.01,4837,2419,912,1041.81,505.67,186.44,10607,5152,1755,1671.46,836.76,304.48,1114,384,124,1409.62,542.34,203.92
White,10754,4002,1621,1069.22,376.1,145.93,3149,1124,439,1974.95,534.48,159.92,4985,1708,657,534.2,170.65,61.9,7817,3119,1459,1087.7,346.54,141.91,5017,1268,550,1549.42,318.63,127.84
